method,AP,AP50,AP75,AR100,AP_small,AP_medium,AP_large,valid_predictions,unmatched_predictions,box_threshold,text_threshold,nms_iou_threshold,post_score_cutoff
multi-class 0.40/0.30,0.0732272013710983,0.09883097946662804,0.08197140714821863,0.08828194715877088,0.01059053533404184,0.0738509328142883,0.20378126481300748,1263,10,0.4,0.3,,
multi-class 0.25/0.25,0.20726165464164287,0.2974818395908806,0.22886121468136672,0.30728732245458285,0.05206711028163875,0.21521793253338822,0.4069708170864416,5924,731,0.25,0.25,,
multi-class 0.20/0.20,0.18036436550164597,0.27803497418069173,0.19240887587449793,0.30230010002493163,0.06015883666663785,0.19793580838662803,0.33036063990149817,11272,2188,0.2,0.2,,
per-class + NMS,0.1283984968195439,0.1592374319255585,0.1426561937511622,0.44784501538294536,0.08853750995381743,0.227915178816365,0.2480669108865312,29706,0,0.25,0.25,0.5,
per-class + NMS + cutoff 0.30,0.12247070632403823,0.14999940832342126,0.136410944389594,0.399681239565021,0.07612312049994176,0.21474609243230652,0.24585775475491528,20956,0,0.25,0.25,0.5,0.3
per-class + NMS + cutoff 0.35,0.11738574077944777,0.1420064405303162,0.1307608609044689,0.35781077779279985,0.06817773066205064,0.20016584961239195,0.2422198184682965,14872,0,0.25,0.25,0.5,0.35
per-class + NMS + cutoff 0.40,0.11224131334393585,0.13482208657489914,0.12520349457638083,0.32394612339481554,0.0590512203539695,0.18939015713688295,0.23588370426512484,10321,0,0.25,0.25,0.5,0.4
