{
  "experiment_name": "tiny100_multi_t025",
  "pred_dir": "outputs/coco_subset_100_tiny_t025",
  "image_count": 100,
  "category_count": 20,
  "valid_predictions": 816,
  "unmatched_predictions": 118,
  "model_id": "IDEA-Research/grounding-dino-tiny",
  "box_threshold": 0.25,
  "text_threshold": 0.25,
  "inference_mode": "multi_class",
  "nms_iou_threshold": null,
  "post_score_cutoff": null,
  "AP": 0.19702006681947434,
  "AP50": 0.2681183289795857,
  "AP75": 0.2081031788760061,
  "AP_small": 0.08174300397861049,
  "AP_medium": 0.19021725288218783,
  "AP_large": 0.39450347239739303,
  "AR1": 0.2441423525972149,
  "AR10": 0.31328364979652895,
  "AR100": 0.3141595176110249,
  "AR_small": 0.12230430509672853,
  "AR_medium": 0.34649735033775914,
  "AR_large": 0.4786643748408454
}