{
  "experiment_name": "tiny100_perclass_nms_t025",
  "pred_dir": "outputs/coco_subset_100_tiny_perclass_nms_t025",
  "image_count": 100,
  "category_count": 20,
  "valid_predictions": 2711,
  "unmatched_predictions": 0,
  "model_id": "IDEA-Research/grounding-dino-tiny",
  "box_threshold": 0.25,
  "text_threshold": 0.25,
  "inference_mode": "per_class",
  "nms_iou_threshold": 0.5,
  "post_score_cutoff": null,
  "AP": 0.23546651864645557,
  "AP50": 0.28322167068296833,
  "AP75": 0.26685996443292115,
  "AP_small": 0.1709998536072299,
  "AP_medium": 0.313433529315123,
  "AP_large": 0.4485950279562019,
  "AR1": 0.413126413392229,
  "AR10": 0.5223896982073135,
  "AR100": 0.5229131639112847,
  "AR_small": 0.246927302972471,
  "AR_medium": 0.5148128806029749,
  "AR_large": 0.8354290807231983
}